{
	"defaultChannels":[

	],
	
	# messages sent on these channels will need to pass the same intel check as intercepts of comms
	# on other channels, but won't show an "intercepted by comm sniffer" note,
	# as conceptually they're an intel report based on data gleaned by comm sniffer,
	# rather than an actual intercept.
	"playerIntelChannels":[

	],
	
	"fantasy_manufacturing_internal":{
		"name":"GMIA",
		"logo":"graphics/factions/intel/FM_crest.png",
		"icon":"graphics/factions/intel/FM_crest.png",
		"image":"graphics/factions/intel/FM_flag.png",
		"sound":"ui_channel_comm_secure",
		"faction":"fantasy_manufacturing",
		"type":"Intelligence Report",
		"shortType":"Intel",
	},

}



