{
    "playableFaction":true,
    "corvusCompatible":true,
    
    "rebelFleetSuffix":"Rebels",
    
    "directoryUseShortName":true,

    "startRelationships":{ "luddic_church":-0.6 },
    "maxRelationships":{ "luddic_church":-0.55 },
    "diplomacyPositiveChance":{ "luddic_church":0.25 },
    "diplomacyNegativeChance":{ "luddic_church":2 },
    "morality":"neutral",
    "diplomacyTraits":["helps_allies", "irredentist", "stalwart", "likes_ai", "neutralist"],
    "alignments":{
        "corporate":1,
        "technocratic":1,
        #"militarist":0.5,
        "ideological":1,
    },
    
    
    "startShipsSolo":[["FM_Parasol_Standard"]],
    "startShipsCombatSmall":[
      ["FM_Aya_Standard", "FM_Firefly_Standard", "FM_Firefly_Support"]
    ],
    
    "startShipsCarrierSmall":[["FM_Puppeteer_Standard", "FM_Rabbit_Standard"]],
	
	"startShipsSuper":[
        ["FM_Miko_Standard","FM_Rotation_Standard"],
    ],
    
    "startSpecialItems":[
        [["FM_com_bp", ""]],
    ],
	
	"bonusSeeds": [
    {"id": "nanoforge_pristine", "count": 1},
    {"id": "aiCore_station", "count": 2, "mult": 0.2},
    {"id": "aiCore_military", "mult": 0.25},
    {"id": "aiCore_heavyindustry", "count": 1},
    {"id": "aiCore_any", "mult": 2.5},
	],
  

    "defenceStations": [
    {"ids": ["orbitalstation_high", "battlestation_high", "starfortress_high"]},
    ],
}