{
  "FM":{
		"hyperspaceJitterColor":[200,0,0,200],
		"baseCampaignExplosionColor":[224,44,17,255],
		"baseCombatExplosionColor":[224,44,17,255],
		"fighterRepairFlickerColor":[100,165,255,255],
		"fighterChipIconColor":[100,165,255,255],
		"weaponDisabledExplosionColor":[100,165,255,255],
		"shieldRingColor":[255,255,255,255],
		"shieldInnerColor":[219,10,10,75],
		"fluxVentCoreColor":[255,255,255,255],
		"fluxVentFringeColor":[219,0,0,255],
    "fluxVentTextureSheet":"graphics/fx/nebula_colorless.png", # optional, this is the default value
    "fluxVentRadialTexture":"graphics/fx/radial_fx.png", # optional, this is the default value
		"engineLoopSet":"engine_loop", 					# id of entry in sounds.json
		"engineAccelerateSet":"engine_accelerate",		# id of entry in sounds.json
		"empLoopSet":"emp_loop",						# id of entry in sounds.json
		"fluxLoopSet":"flux_loop",						# id of entry in sounds.json
		"ventFluxSet":"vent_flux",						# id of entry in sounds.json
		"shieldBurnoutSet":"shield_burnout",			# id of entry in sounds.json
		"shieldLowerSet":"shield_lower",				# id of entry in sounds.json
		"shieldRaiseSet":"shield_raise",				# id of entry in sounds.json
		#"explosionShipSet":"FM_ship_explosion_se",			# id of entry in sounds.json
    "explosionShipSet":"explosion_ship",
	  "damageDecalSheet":"graphics/damage/damage_decal_sheet_base.png",
		"damageDecalGlowSheet":"graphics/damage/damage_decal_sheet_glow.png",

		#"colorShiftCovers":true,
		"coversColorShiftAmount":1,  # 0 to 1
		"coversMatchShipBrightness":true,
		"slotCoverSmallTurret":"graphics/ships/covers/FM_cover_turret_small.png",
		"slotCoverSmallHardpoint":"graphics/ships/covers/FM_cover_hardpoint_small.png",
		"slotCoverMediumTurret":"graphics/ships/covers/FM_cover_turret_medium.png",
		"slotCoverMediumHardpoint":"graphics/ships/covers/FM_cover_hardpoint_medium.png",
		"slotCoverLargeTurret":"graphics/ships/covers/FM_cover_turret_large.png",
		"slotCoverLargeHardpoint":"graphics/ships/covers/FM_cover_hardpoint_large.png",

		"dHullOverlayLight":"graphics/damage/dmod_overlay_hightech_light.png",
		"dHullOverlayMedium":"graphics/damage/dmod_overlay_hightech_medium.png",
		"dHullOverlayHeavy":"graphics/damage/dmod_overlay_hightech_heavy.png",
	},

  "FM_fighter":{
		"hyperspaceJitterColor":[200,0,0,200],
		"baseCampaignExplosionColor":[224,44,17,255],
		"baseCombatExplosionColor":[224,44,17,255],
		"fighterRepairFlickerColor":[100,165,255,255],
		"fighterChipIconColor":[100,165,255,255],
		"weaponDisabledExplosionColor":[100,165,255,255],
		"shieldRingColor":[255,255,255,255],
		"shieldInnerColor":[219,10,10,75],
		"fluxVentCoreColor":[255,255,255,255],
		"fluxVentFringeColor":[219,0,0,255],
		"engineLoopSet":"engine_loop", 					# id of entry in sounds.json
		"engineAccelerateSet":"engine_accelerate",		# id of entry in sounds.json
		"empLoopSet":"emp_loop",						# id of entry in sounds.json
		"fluxLoopSet":"flux_loop",						# id of entry in sounds.json
		"ventFluxSet":"vent_flux",						# id of entry in sounds.json
		"shieldBurnoutSet":"shield_burnout",			# id of entry in sounds.json
		"shieldLowerSet":"shield_lower",				# id of entry in sounds.json
		"shieldRaiseSet":"shield_raise",				# id of entry in sounds.json
		"explosionShipSet":"explosion_ship",			# id of entry in sounds.json
		"damageDecalSheet":"graphics/damage/damage_decal_sheet_base.png",
		"damageDecalGlowSheet":"graphics/damage/damage_decal_sheet_glow.png",

		#"colorShiftCovers":true,
		"coversColorShiftAmount":1,  # 0 to 1
		"coversMatchShipBrightness":true,
		"slotCoverSmallTurret":"graphics/ships/covers/FM_cover_turret_small.png",
		"slotCoverSmallHardpoint":"graphics/ships/covers/FM_cover_hardpoint_small.png",
		"slotCoverMediumTurret":"graphics/ships/covers/FM_cover_turret_medium.png",
		"slotCoverMediumHardpoint":"graphics/ships/covers/FM_cover_hardpoint_medium.png",
		"slotCoverLargeTurret":"graphics/ships/covers/FM_cover_turret_large.png",
		"slotCoverLargeHardpoint":"graphics/ships/covers/FM_cover_hardpoint_large.png",

		"dHullOverlayLight":"graphics/damage/dmod_overlay_hightech_light.png",
		"dHullOverlayMedium":"graphics/damage/dmod_overlay_hightech_medium.png",
		"dHullOverlayHeavy":"graphics/damage/dmod_overlay_hightech_heavy.png",
	},

}
